{
  "data_size_mb": 238.5249786376953,
  "energy_savings": 20.869319915771484,
  "files_processed": 24,
  "gzip_compression_ratio": 3.1870617866516113,
  "processing_time_ms": 2206,
  "sparsity_percentage": 20.869319915771484,
  "test_type": "real_data_compression",
  "trinary_advantage": 9.348725318908691,
  "trinary_compression_ratio": 29.794963836669922
}